,original,summary,top_3,proper_n
0,"Aucun SAV √† √©viter Nous avons command√© et re√ßu une tablette,  √† un prix tr√®s avantageux, jusque l√†, apr√®s avoir lu les autres avis, nous avons √©t√© chanceux. Apr√®s quelques utilisations, elle refuse de s'allumer. Nous avons encore eu la chance de r√©ussir √† contacter le SAV √† l'√©tranger, bien entendu. Mais le courriel qui devait nous permettre de renvoyer la tablette ne nous est jamais parvenu. Depuis impossible de joindre le SAV, comme les autres, nous  patientons 5 minutes puis on nous annonce que personne ne peut nous r√©pondre. Les courriels ne sont pas plus efficaces : r√©ponse automatique sans suite...","Nous avons test√© et re√ßu une tablette, √† un prix tr√®s avantageux, jusque l√†, apr√®s avoir lu les autres avis, nous avons √©t√© surpris, surpris, ou satisfaits, par le SAV.","['courriels,', 'r√©ponse,', 'patientons']",['lu']
1,impossible de se connecter er de cr√©er‚Ä¶ impossible de se connecter er de cr√©er un compte,Impossible de se connecter er de cr√©er... Impossible de ne pas se connecter sur le site d'er de cr√©ation de sites Internet.,['compte'],[]
2,M√©pris et arnaque M√©pris total pour le client et arnaque en masse. J‚Äôach√®te une cafeti√®re expresso et le jour de la livraison on m‚Äôannonce que cette derni√®re n‚Äôest pas disponible. On m‚Äôinvite √† repasser commande mais 100‚Ç¨ plus cher‚Ä¶le service client ne r√©pond m√™me pas aux demandes.,"Notre chroniqueur a encore frapp√© : apr√®s avoir d√©cortiqu√© les vestiaires de Christophe Honor√© et de Christophe Ayad, Marc Beaug√© scrute celui de l‚Äôhomme qui vient de lancer sa marque de cafeti√®res expresso.","['commande,', 'client,', 'cafeti√®re']",[]
3,"Carrefour traiteur √† fuir Mon exp√©rience concerne Carrefour traiteur: PLUS JAMAIS !Tout d'abord il est √©crit 'retrait en drive' mais au drive, personne n'est au courant... √† l'accueil non plus... Et quand mon mari trouve enfin la bonne personne, il n'y a pas les verrines! J'avais command√© une soixantaine de verrines et des canap√©s, nous n'avons eu que les canap√©s...Bien s√ªr, tout √©tait d√©j√† pay√© mais ils n'en √©taient m√™me pas s√ªrs... Ouf, on a fini par √™tre rembours√©s!1h avant, j'avais le mail ""n'oubliez pas votre commande""!Le lendemain, j'avais le mail ""qu'en avez-vous pens√© ?"" mais quand je clique dessus pour leur exprimer ma fa√ßon de penser, je retombe juste sur le site pour commander...TOUT est donc √† revoir pour eux et √† fuir pour la client√®le !","A l'occasion de la Journ√©e internationale des Carrefours, ""Le Monde"" a organis√© une table ronde sur les Carrefours traiteur, organis√©e par le Monde.fr.","['verrines,', 'commande,', 'traiteur']",[]
4,Z√©ro point√© Zero point√© car op√©ration  mal con√ßue.  Carrefour et Tefal ne respectent pas leurs promesses ! Il est m√™me impossible de se connecter au site Tefal donn√©  par Carrefour pour se procurer le produit souhait√©.  Cela m√©rite un d√©dommagement !,Carrefour et Tefal ne respectent pas leurs promesses. Il est m√™me impossible de se connecter au site tefal.,"['produit,', 'd√©dommagement,', 'carrefour']",[]
5,"Service de livraison et ou de Drive‚Ä¶ Service de livraison et ou de Drive pratique mais qui devient laborieux.Trop de produits manquants factur√©s aussi bien en livraison √† domicile qu'avec le Drive. On court apr√®s les sollicitations de remboursements successifs car les demandes ne sont pas trait√©es. Et quand elles le sont, les virements ne sont pas effectu√©s ou bien ne correspondent pas au montant pay√©. La cerise sur le g√¢teau: un Drive non remis car indisponible le jour J d√©bit√© quand m√™me. Alors que j'ai pris la peine de pr√©venir le service client de cette d√©convenue o√π l'on m'a assur√©e du non d√©bit de ma carte bancaire me voil√† encore contrainte de faire une demande de remboursement. Dor√©navant par gain de temps j'irai faire mes courses moi m√™me.  Le service est pitoyable (ind√©pendamment du contexte actuel) et les d√©marches chronophages. Un paradoxe compte tenu de toutes les enqu√™tes de satisfaction re√ßues!!! Dommage",Service de livraison et ou de Drive... services de livraison ou derive... Service de location et de Drive pratique mais qui devient laborieux.,"['d√©convenue,', 'dommage,', 'livraison']",[]
6,"Nous avons achet√© en 2016 une piscine‚Ä¶ Nous avons achet√© en 2016 une piscine en bois √† 1299euros mod√®le vanille √† Carrefour Narbonne. Nous avons mon √©pouse et moi m√™me constat√© au bout de la cinqui√®me ann√©es que la structure de notre piscine en bois et dans un √©tat catastrophique !!. Nous avons donc contact√© part mail avec photos et par t√©l√©phone Carrefour Narbonne pour informer de cette situation d√©sagr√©able et nous avons donc demand√© un remboursement de notre piscine garantie 10ans. Mais grosse surprise Carrefour Narbonne nous informe que la garantie de 10ans de notre piscine ne garantie pas les d√©fauts importants du bois ni les fissures !? Mais juste contre le pourrissement et les insectes ???..pour info ns avons du pourrissement aussi!!????.,..Nous sommes donc choqu√© de la r√©ponse car la structure en bois de la piscine peut casser √† tout moment sur nos enfants et donc causer des blessures graves!! Cela est inacceptable pour nous client √† Carrefour Narbonne depuis des ann√©es!!!!! Conclusion il faut fuir Carrefour Narbonne!!!",Nous avons achet√© en 2016 une piscine en bois √† 1299 euros mod√®le vanille √† Carrefour Narbonne Narbonne.,"['garantie,', 'd√©fauts,', 'piscine']","['10ans,', 'narbonne,', 'ns']"
7,J‚Äôai fait une commande avec livraison‚Ä¶ J‚Äôai fait une commande avec livraison attention quand vous passer une commande une arnaque √† la promotion v√©rifiez bien C‚Äôest la derni√®re fois que je passerai commande chez Carrefour,"Les D√©codeurs vous proposent une s√©rie de replays √† (re)d√©couvrir en diff√©r√©. Cette semaine, l‚Äôescroquerie √† la TVA √† la promotion de la vente en ligne.","['livraison,', 'carrefour,', 'commande']",[]
8,Couteaux sabatiers J' ai les vignettes papier et digitale.on m a dit qu il y aurais un arrivage de couteau sabatiers le 3mai ce qui n est toujours pas arriv√© et qu ils ouvriraient un site de r√©servation pour les couteaux.c est quoi le site car personne le trouve et m√™me dans mon magasin ils ne savent pas.,Nos envoy√©s sp√©ciaux ont sillonn√© les routes de France pour relater les petits et grands √©v√©nements qui agitent nos villes et campagnes.,"['3mai,', 'couteaux,', 'couteau']",[]
9,"Bonjour,j'ai achet√© 2trottinettes‚Ä¶ Bonjour,j'ai achet√© 2trottinettes √©lectronique,pour No√´l il y en une qui fonctionne pas, j'appelle le sav de Carrefour grand car ou l'on me dit de me pr√©senter √† l'accueil avec la trottinette,je prends donc la route 40mn de chez moi !!!! arriv√©e on me dit qu'on peut pas prendre la trottinette qu'il aurait fallu que j'appelle un num√©ro pour faire une d√©claration et enregistrer ma demande,je dis que c'est compliqu√© pour de r√©partir avec et de revenir juste pour un appel (il me semble qu'ils pourraient faire l'appel eux m√™me) finalement on me propose de garder la trottinette et de leurs faire parvenir le num√©ro de dossier.Je compos√© donc ce num√©ro apr√®s 50mn d'attente ma demande est enregistr√©e,je rappelle le sav pour leurs communiquer le num√©ro de dossier.Oufff j'ai l'impression que tout est ok,on me rappelle ce matin et l'on me dit la demande est prise en compte dur√©e minimum un mois pour la r√©paration !!! Intervention sur la batterie,je dis moi j'avais l'impression que c'est la poign√©e et l√† on le dit dsl c'est pas not√© le r√©parateur ne regardera pas l'as poign√©e Que dire on marche sur la t√™te,plus compliqu√© pour un sav je sais si c'est possible . Mme Allisio","J'ai achet√© 2trottinettes √©lectronique, pour No√´l il y en une qui fonctionne pas, j'appelle le sav de Carrefour grand car car ou l'appel le plus important de la soir√©e.","['r√©paration,', 'r√©parateur,', 'ok']","['dsl,', 'no√´l']"
10,Distanciation inexistante au carrefour‚Ä¶ Distanciation inexistante au carrefour part dieu j'ai d√ª me f√¢cher avec une cliente qui ne voulait rien comprendre...en regardant autour de moi personne ne respecte  c'est honteux au vu de la situation sanitaire. Suggestion passer une annonce toute les 10 minutes afin que les gens respecte les gestes barri√®res.,Le Monde.fr vous propose une s√©rie d'√©missions √† (re)d√©couvrir en diff√©r√©.,"['minutes,', 'carrefour,', 'distanciation']",['dieu']
11,"Un achat Black Friday qui a vir√© au cauchemar J‚Äôai passer une commande le 27/11 pour un ordinateur portable, que j‚Äôai annuler, puis j‚Äôai pass√© une autre commande que j‚Äôai re√ßu.Conclusion la premi√®re commande n‚Äôa jamais √©t√© annuler elle a √©t√© envoy√© sans information correcte du coup le transporteur la retourn√© √† l‚Äôexp√©diteur, et la deuxi√®me commande le produit √©tait d√©fectueux, je le revois et je passes au moins 20 appels pour signaler le d√©fectueux pour enfin r√©ussir √† le renvoyer, puis je passe plus de 30 appels pour signaler que la premi√®re commande √† √©t√© retourn√© chez eux.La nous somme le 10/12 mon argent est toujours chez Carrefour et aucun mail de remboursement n‚Äôa atterri dans ma bo√Æte mail.SVP si vous voulez acheter des produits de valeur ne le faite pas chez Carrefour c‚Äôest un disaster !! AMAZON est le roi du E-commerce.","¬´ Le Monde ¬ª a demand√© √† des contributeurs de proposer, chaque jour, une id√©e pour changer la France. Aujourd‚Äôhui, JP G√©n√© d√©jeune avec Jean-Fran√ßois Cop√©.","['produit,', 'exp√©diteur,', 'commande']",['amazon']
12,"Allo monsieur Bompard ! Allo monsieur Bompard !Honteux, scandaleux, votre service d'appel au 0806060601 Attente interminable sans aucun message d'attente. Je ne m'insurge pas contre l'attente qui peut se comprendre mais bien contre la proc√©dure.  Vos ""t√™tes pensantes"" charg√©es de la mise en place de ces proc√©dures utilisent-ils eux m√™me leurs services ? Faites le test !",Le service d'appel au 0806060601 arrive √† l'a√©roport de Paris-Charles-de-Gaulle.,"['bompard,', 'proc√©dure,', 'proc√©dures']",['allo']
13,J'ai achet√© du pain et la date est‚Ä¶ J'ai achet√© du pain et la date est d√©pass√© la date et du 13/02/2020 et on est le 14 je l'ai pas vu le pain et encore bon ils auraient d√ª l'enlever,J'ai achet√© du pain et la date est d√©pass√© la date et du 13 f√©vrier20 et on est le 14 je l'ai pas vu le pain et encore bon ils auraient auraient auraient pu...,"['02,', 'date,', 'pain']",[]
14,Suite √† des courses effectu√©es dans un‚Ä¶ Suite √† des courses effectu√©es dans un carrefour market √† la Fl√®che en sarthe j'ai achet√© une salade mix au poulet r√¥ti p√©rim√©e depuis une journ√©e c'est une honte pour une grande surface de laisser un produit p√©rim√© de cette nature dommage que je n'ai pas v√©rifi√© en l'achetant du coup je n'ai rien mang√© pendant ma pause repas j'ai quand m√™me gard√© le ticket de caisse et prix une photo de la date sur l'emballage. Heureusement que j'ai vu la date avant de la manger j'aurais pu √™tre malade.,"Suite √† des courses effectu√©es dans un carrefour market √† la Fl√®che en sarthe, j'ai achet√© une salade mix au poulet r√¥ti p√©rim√©e depuis une journ√©e.","['produit,', 'dommage,', 'repas']",[]
15,"inacceptable, mauvais service apr√®s-vente Je fais toutes mes courses chaque semaine √† carrefour et j'en suis tr√®s satisfaite. C'est pourquoi j'√©tais pleinement confiante de commander chez carrefour.fr. par internet. Malheureusement, √ßa s'est tr√®s mal pass√©. Le produit √©tait d√©fectueux. J'ai eu de gros probl√®mes de communication avec le service apr√®s-vente. Le produit n'a jamais bien fonctionn√©. En plus au lieu de pr√©lever le paiement 1 fois par mois pendant 3 mois, ils m'ont pr√©lev√© 2 mois en m√™me temps, je n'avais plus d'argent du tout pour manger, ils ont fini quand m√™me apr√®s avoir beaucoup insist√© par me rendre mon argent ce mois l√†. J'√©tais exasp√©r√©e, j'ai demand√© r√©paration du pr√©judice. J'√©tais contente car ils m'ont vers√© 500 euros.; sauf que par la suite ils m'ont pr√©lev√© tous les mois pour rembourser cette somme de 500 euros avec des int√©rets exorbitants et je paie encore 4 ans apr√®s. Merci √† Trustpilot de me donner la parole, car je suis une personne seule et sans d√©fense.","A l'occasion des f√™tes de fin d'ann√©e, Le Monde.fr propose aux lecteurs de ""Monde"" une s√©rie d'√©missions √† (re)d√©couvrir en diff√©r√©. Cette semaine : ""L'Epoqueque","['merci,', 'probl√®mes,', 'paiement']",['trustpilot']
16,Publicit√© mensong√®re affiche un jeux‚Ä¶ Publicit√© mensong√®re affiche un jeux vid√©os pas ch√®re (et DISPONIBLE !!! ) sur internet mais en fait c est faux. Je vais contacter la r√©pression des fraudes. Apr√®s un appelle au service client on me baratine sur l √©tat des stocks. En 2020! Quelle honte! Un jour le jeudi est affich√© disponible dans tel magasin et le le demain dans un autre. Je vais joindre une copie d √©cran √† la DGCCRF,¬´ Le Monde ¬ª lance un appel √† t√©moignages pour d√©noncer les publicit√©s mensong√®res diffus√©es sur Internet.,"['jeudi,', 'jeux,', 'magasin']",[]
17,"Carrefour site √† fuir !!!! Commande pass√©e le 28/11 avec une livraison sous 3 jours ouvr√©s en point relais Carrefour Market. J'en suis arriv√© √† √©crire une LRAR pour annuler la commande, √† √©crire √† la DDPP du 91 pour d√©noncer ce site, prochaine √©tape le juge de proximit√©.Jamais eu de r√©ponse aux x messages envoy√©s, les appels au service client√®le n'aboutissent jamais (r√©pondeur) et leur service consommateur qui prend en charge votre r√©clamation vous communique un num√©ro de dossier auquel vous n'avez jamais de r√©ponse.",La commande pass√©e le 28/11 avec une livraison sous 3 jours ouvr√©s en point relais Carrefour a √©t√© annul√©e.,"['r√©ponse,', 'r√©clamation,', 'appels']",['lrar']
18,"Ce matin au supermarch√© de Berck Ce matin au supermarch√© de Berck, je veux utiliser ma cagnotte (8 euros environ v√©rifi√©e le matin m√™me sur mon compte clent), r√©ponse pas de cagnotte. Je continue mes courses au supermarket de Rang-du-Fliers et l√† bingo ma cagnotte r√©appara√Æt! √ßa pue le bidouillage informatique, d'autant que ce n'est la premi√®re fois. Toujours √† Berck au rayon charcuterie il y a une affichette pour une promotion (22.90‚Ç¨) sur le jambon de Parme Montorsi. La vendeuse me propose le Serano Montorsi √† la place et refuse de me vendre le Parme de Carrefour √† ce prix. Infraction caract√©ris√©e au code de la consommation. Si seulement c'√©tait la seule fois!","Notre blogueur Guillaume Ouattara, auteur d'un blog sur le sujet, s'est rendu compte qu'il n'y avait pas de cagnotte de l'ordre de 100 euros.","['cagnotte,', 'vendeuse,', 'berck']",['bingo']
19,"arnaque carrefour Bjr je suis pass√© au magasin de Coll√©gien. Dans le rayon de boucherie j ai choisi deux pack de viande avec  le sticker - 10% sur pack.Apr√®s pass√© en caisse en v√©rifiant le ticket je constate que la remise n √©tait pas applique.Donc je vais au sce d accueil qui contacte le chef du rayon Mr Lionel Kekerdijan qui m a expliqu√© que le prix sur le pack √©tait d√©j√† d√©duit et il s est sauv√© Rien n √©tait marqu√© que le prix est nette Pour moi c est de l arnaque pur et simple.J √©tait commercial pendant 50 ans et j ai jamais vu une chose pareil.En simple client je vois une remise je prends.Mais quand me ne dise pas que le prix √©tait d√©j√† d√©duit.Pour moi le chef de rayon mentionnais ci dessus n est pas a sa place car il n a pas trouv√© une solution .J ai sais que la somme n √©tait pas √©norme,mais pour moi c est une question de principe et j appr√©cie le travail bien fait.Je pense que ce chef de rayon a oubli√© que c est les clients qui font sa paye.Cdt   Mr Tr√©ville  Richard","Notre journaliste Antoine Vayer a pass√© pr√®s de deux semaines √† Coll√©gien, dans le nord-est de l'Australie.","['prix,', 'bjr,', 'boucherie']","['cdt,', 'lionel,', 'mr,', 'richard']"
20,"Concernant le carrefour drive Concernant le carrefour drive, ils ne sont pas au niveau attendu...C'est nul! Vous attendez des plombes, les employ√©s passent √† c√¥t√© de vous sans rien vous demander (ils doivent avoir peur des clients!), les commandes sont incompl√®tes... A fuir...Cette ann√©e, j'ai essay√© les commandes de fourniture pour mes enfants via internet et carrefour...Livraison en 2 √† 4 jours ouvr√©s...Commande re√ßue au bout de 6 jours...et les m√™mes travers, pour r√©cup√©rer la commande, les employ√©s ne savent pas, vous poirot√©s...En bref, pour ma part, le vaccin contre les drive carrefour est fait...Plus jamais...A vouloir tout faire (hyper, drive, assurances...), ils pataugent, comme bon nombre de ""world company""!","Le carrefour d'rive, qui se trouve √† c√¥t√© de l'ancienne gare, est devenu un carrefour de plus en plus pris√© des touristes.","['commandes,', 'livraison,', 'carrefour']",[]
21,"Service livraison et service client‚Ä¶ Service livraison et service client incomp√©tent quand un livreur oublie de vous livrer la moiti√© de la commande, √† savoir tous les produits frais!Inadmissible, et les interlocuteurs me baladent depuis plus d'un jour et n'ont aucune info s√©rieuse √† me transmettre, et aucun responsable ne me rappelle alors que c'est ma demande depuis hier soir... Il n'y a donc aucun responsable chez Carrefour?? Bravo pour le service rendu!",Le service livraison et service client... de service livraison... Les interlocuteurs vous conseillent.,"['responsable,', 'livreur,', 'livraison']",['bravo']
22,"INCOMP√âTENTS !!! INCOMP√âTENTS !!!J‚Äôai command√© des fournitures scolaires en ligne plus de 10 jours avant la rentr√©e. Je n‚Äôai rien re√ßu pour la rentr√©e, mes enfants n‚Äôavaient leurs fournitures pour la rentr√©e. J‚Äôai d√ª faire plusieurs magasins en catastrophe pour tout racheter plus cher car il n‚Äôy avait plus rien en rayons. Je re√ßois mes colis 15 jours plus tard ab√Æm√©s, ils ont pris l‚Äôeau. Je leur demande de me rembourser. Ils repoussent ma demande en me proposant des bons d‚Äôachat pour qques euros sur leur site (plus jamais !!). Au final ils acceptent de me rembourser si je renvoie le reste des colis non abim√©s √† mes frais. C‚Äôest inacceptable !!!","¬´ Je n‚Äôai rien re√ßu pour la rentr√©e, mes enfants n‚Äôavaient leurs fournitures scolaires en ligne plus de 10 jours avant la rentr√©e ¬ª, explique-t-il.","['achat,', 'colis,', 'fournitures']",[]
23,Je parle du carrefour contact de Fourchambault Je parle du carrefour contact de FourchambaultLes patron parle comme des chiens aux employ√©s et surtout aux clients c inadmissible la derni√®re il m'ont carr√©ment dit d'allez voir ailleurs de plus il y a beaucoup de produits p√©rim√© en rayon et c moisi dans mes frigo.J'esp√®re que la direction de carrefour va faire quelque chose en cons√©quence.,"Notre chroniqueur a r√©pondu √† l'appel d'Alice Z√©nith : ""Je parle comme des chiens aux employ√©s et surtout aux clients c inadmissible la derni√®re il m'a carr√©ment dit d'aller voir ailleurs.""","['produits,', 'carrefour,', 'fourchambault']",[]
24,"NE PAS COMMANDER !!!! j'ai eu un rendez vous avec un transporteur qui n'est pas pass√© bien sur sans pr√©venir, j'ai du appeler 15 000 fois le SAV plateforme qui se trouve au Maroc aucuns renseignements tout le monde s'en fou, c'est inacceptable de traiter les clients comme √ßa BRAVO, C'est un cadeau pour Noel dont je ne suis pas sur d'avoir en temps et en heure pour mon fils de 3 ans et forc√©ment je ne le retrouverai plus disponible dans d'autres magasins Voil√† comment saboter un NOEL Grand Merci !!! ****JE NE RECOMMANDE PAS CARREFOUR ON LINE FUIYEZ *******","J'ai eu un rendez-vous avec un transporteur qui n'est pas pass√© bien sur sans pr√©venir, j'ai d√ª appeler 15 000 fois le SAV plateforme qui se trouve au Maroc aucuns renseignements tout le le lent.","['sav,', 'magasins,', 'cadeau']","['bravo,', 'noel']"
25,"Rude, insultant et cher Personnel souvent rude voire agressif. Service de securite qui traite les clients comme des voleurs. Les caissieres ne sont pas abilitees a l'inspection visuelle des sacs. Cher. Les fruits et legumes sont trop souvent pouris.",Les caissieres ne sont pas abilitees a l'inspection visuelle des sacs.,"['inspection,', 'abilitees,', 'legumes']",[]
26,"Depuis plus de 20 ans je fr√©quente‚Ä¶ Depuis plus de 20 ans je fr√©quente carrefour ste Genevi√®ve des Bois et ai vu d√©fil√© plusieurs directeurs . Deux √©taient vraiment s√©rieux. Depuis 4 ans  l ambiance du magasin s est gravement d√©grad√©e, les employ√©s sont tristes comme l'est devenu le magasin. La directrice Amandine Levine se prend pour une starlette d √©mission r√©alit√© et harc√®le les clients et ne respecte pas les r√®gles de distanciations pour parler. Le magasin a de tr√®s nombreux p√©rim√©s . Le parking √† des trous dangereux, des alcooliques, des roms qui fouillent dans nos caddies devant nos coffres, que du bonheur. Heureusement il y a de nombreuses autres enseignes de supermarch√©s autour. Carrefour ste Genevi√®ve des Bois qui offre aux clients des sacs avec la photo du magasin, avouez √ßa motive!!!!L ambiance du magasin et son environnement sont tr√®s importants pour motiver les clients, l√† il n'y a plus rien! Un ancien directeur Mr collet avait tout compris, mais il est parti malheureusement.","Depuis plus de vingt ans, je fr√©quente... carrefour ste Genevi√®ve des Bois et ai vu d√©filer plusieurs directeurs horizonaux.","['enseignes,', 'supermarch√©s,', 'magasin']","['mr,', 'ste']"
27,"Reservation Couteaux Sabatier: gal√®re ++++++ J'ai t√©l√©phon√© √† Carrefour-fid√©lit√©  cet a.m. : le bug serait d√ª au fait qu'il y a trop d'acheteurs en m√™me temps......???Nouvelle tentative de commande ce soir √†  minuit mais nouvel √©chec, mes identifiant et mot de passe √©tant √†  nouveau refus√©s......Merci de ne pas me r√©pondre en me disant que le site est fonctionnel, ou qu'il faut vider les caches......",Nos envoy√©s sp√©ciaux ont sillonn√© les routes de France pour relater les petits et grands √©v√©nements qui ont marqu√© leur vie.,"['carrefour,', 'acheteurs,', 'reservation']","['caches,', 'fid√©lit√©']"
28,"Incomp√©tent !!! J'ai fait une commande au carrefour drive en septembre 2019. Le personnel a oubli√© une caisse.Apr√®s moultes appels et emails, ils m'ont adress√©s la facture d'une autre personne habitant √† l'autre bout de la France pour que j'indique les produits manquants (alors que je les avais d√©j√† donn√© par t√©l√©phone) ... et la confidentialit√© pour l'autre client, on en parle ?Cela va bient√¥t faire 5 mois que j'attends le remboursement de plus de 50 euros.Inadmissible !!!","J'ai fait une commande au carrefour drive en septembre 2018. Le personnel a oubli√© une caisse au carrefour, le personnel a aussit√¥t adress√© la facture.","['commande,', 'caisse,', 'facture']",['france']
29,"SAV draisienne √©lectrique insatisfait Achat draisienne √©lectrique le 29 juillet 2022.Mat√©riel HS 2mois apr√®s achat. Envoy√© en SAV le 1er octobre 2022.Retour mat√©riel le 21 novembre.J'essaye le mat√©riel ce matin (22 novembre) et il est encore HS.J'appelle √† nouveau le SAV pour me faire rembourser car je n'ai plus confiance. Refus du remboursement.Le mat√©riel doit encore partir en SAV.MARRE DE FAIRE DES ALLER RETOUR (80KMS).Grosse d√©ception de la marque Carrefour. En plus, il n'y a plus de SAV en magasin, tout se passe par t√©l√©phone.  Contact client plus que moyen!",Les services d'raisienne √©lectrique de l'entreprise sont en panne depuis le 1er janvier 2022.,"['retour,', 'sav,', 'mat√©riel']",[]
30,"Bonjour, Bonjour,Moi aussi pareil impossible de cr√©er un compte et de les appeler bizarre ...Tr√®s d√©√ßu de l op√©ration carrefour üòû surtout que pour avoir une vignette on doit avoir d√©pens√© 10 euros que pour une vignette et au bout du compte on a pas l article attendu","A l'occasion de l'op√©ration carrefour, nous publions un appel √† t√©moignages de lecteurs du Monde.fr pour raconter leurs difficult√©s √† cr√©er un compte.","['vignette,', 'compte,', 'carrefour']",[]
31,"Carrefour ILLZACH: Accueil d'un cirque avec animaux sauvages sur le parking Je trouve honteux de la part de Carrefour Illzach (dans le 68) d'accueillir sur son terrain le cirque ZAVATA avec des animaux - en cage - sachant qu'il suffit de rechercher sur Google: ""contre les cirques avec animaux"" pour trouver maintes d√©claration de la lutte contre cette pratique. Et si la mairie d'Illzach l'accepte, alors et devrait revoir sa politique, ainsi que celle de Mulhouse. C'est une honte face √† la lutte actuelle des f√©d√©rations, associations, fondations et une mobilisation globale contre cette pratique.De plus, un homme arrogant se balade sur le parking de Carrefour avec des flyers et r√©pond insolemment au rejet de recevoir et d'assister √† de tels spectacles.",Notre s√©lection de photographies d'actualit√© de ces derni√®res vingt-quatre heures √† travers le monde.,"['cirque,', 'animaux,', 'cirques']",[]
32,"CARREFOUR MARKET BAPAUME CARREFOUR MARKET BAPAUMEEncore d√©√ßue par un tract publicitaire qui annonce une armoire de rangement √† 34.90 ‚Ç¨, tract sur lequel Carrefour Market est concern√© par cette offre et encore une fois le produit n'est jamais arriv√© en magasin. Sur 2 mois cela fait deux fois que je me fais avoir. Je voulais le lots de 2 armoires une grande et une petite pour 59 ‚Ç¨ et maintenant celle l√†. Je suis all√©e plusieurs fois en magasin, j'ai t√©l√©phon√© et RIEN.  JE DECONSEILLE DE SUIVRE LES TRACTS SURTOUT POUR LE MAGASIN DE BAPAUME QUI N'A JAMAIS LES PRODUITS","A la veille de la pr√©sidentielle, ""Le Monde"" donne la parole √† ceux qui font bouger les r√©gions dans le domaine culturel.","['armoire,', 'armoires,', 'magasin']",[]
